Tag,Word
Masculine,Active
Masculine,Adventurous
Masculine,Aggress*
Masculine,Ambitio*
Masculine,Analy*
Masculine,Assert*
Masculine,Athlet*
Masculine,Autonom*
Masculine,Boast*
Masculine,Challeng*
Masculine,Compet*
Masculine,Confident*
Masculine,Courag*
Masculine,Decide
Masculine,Decisive
Masculine,Decision*
Masculine,Determin*
Masculine,Dominant
Masculine,Domina*
Masculine,Force*
Masculine,Greedy
Masculine,Headstrong
Masculine,Hierarch*
Masculine,Hostil*
Masculine,Implusive
Masculine,Independen*
Masculine,Individual*
Masculine,Intellect*
Masculine,Lead*
Masculine,Logic
Masculine,Masculine
Masculine,Objective
Masculine,Opinion
Masculine,Outspoken
Masculine,Persist
Masculine,Principle*
Masculine,Reckless
Masculine,Stubborn
Masculine,Superior
Masculine,Self-confiden*
Masculine,Self-sufficien*
Masculine,Self-relian*
Feminine,Affectionate
Feminine,Child*
Feminine,Cheer*
Feminine,Commit*
Feminine,Communal
Feminine,Compassion*
Feminine,Connect*
Feminine,Considerate
Feminine,Cooperat*
Feminine,Depend*
Feminine,Emotiona*
Feminine,Empath*
Feminine,Feminine
Feminine,Flatterable
Feminine,Gentle
Feminine,Honest
Feminine,Interpersonal
Feminine,Interdependen*
Feminine,Interpersona*
Feminine,Kind
Feminine,Kinship
Feminine,Loyal*
Feminine,Modesty
Feminine,Nag
Feminine,Nurtur*
Feminine,Pleasant*
Feminine,Polite
Feminine,Quiet*
Feminine,Respon*
Feminine,Sensitiv*
Feminine,Submissive
Feminine,Support*
Feminine,Sympath*
Feminine,Tender*
Feminine,Together*
Feminine,Trust*
Feminine,Understand*
Feminine,Warm*
Feminine,Whin*
Feminine,Yield*
Agency,aggress*
Agency,ambitious
Agency,dominant
Agency,forceful
Agency,independent
Agency,daring
Agency,compet*
Agency,influence*
Agency,initiat*
Agency,active
Agency,direct*
Agency,suggest*
Agency,organize*
Agency,lead*
Agency,mastery
Agency,power
Agency,outspoken
Agency,intellectual
Agency,bold
Agency,manage*
Agency,assurance
Agency,assertive
Agency,control*confident
Agency,sure
Agency,success
Agency,Achievement
Agency,force*
Agency,strength
Agency,hardworking
Agency,conscientious
Agency,originat*
Agency,start*
Agency,blunt
Agency,candid
Agency,forthright
Agency,frank
Agency,rational
Agency,noetic
Agency,dynamic
Agency,produce*
Agency,persever*
Agency,reliable
Agency,assiduous
Communal,concern*
Communal,affectionate
Communal,helpful
Communal,kind
Communal,sympathetic
Communal,sensitive
Communal,nurtur*
Communal,gentle
Communal,tentative*
Communal,accept*
Communal,support*
Communal,interpersonal*
Communal,intima*
Communal,union
Communal,solidarity
Communal,communal
Communal,connect*
Communal,passive
Communal,submissive
Communal,warm
Communal,agreeable*
Communal,emotion*
Communal,caring
Communal,responsive
Communal,tactful
Communal,considerate
Communal,care*
Communal,refer*
Communal,relate*
Communal,worry
Communal,fond
Communal,tender
Communal,assist*
Communal,cooperate*
Communal,tolera*
Communal,genial
Communal,likable
Communal,likeable
Communal,feeling*
Communal,sympath*
Communal,accepting
Ability,talent*
Ability,intell*
Ability,smart*
Ability,skill*
Ability,ability
Ability,genius
Ability,brilliant*
Ability,bright*
Ability,brain*
Ability,aptitude
Ability,gift*capacity
Ability,propensity
Ability,innate
Ability,flair
Ability,knack
Ability,clever*
Ability,expert*
Ability,proficient*
Ability,capable
Ability,adept*
Ability,able
Ability,competent
Ability,natural*
Ability,inherent*
Ability,instinct*
Ability,adroit*
Ability,creative*
Ability,insight*
Ability,analytical
Grindstone Adj,hardworking
Grindstone Adj,conscientious
Grindstone Adj,depend*
Grindstone Adj,meticulous
Grindstone Adj,thorough
Grindstone Adj,diligen*
Grindstone Adj,dedicate
Grindstone Adj,careful
Grindstone Adj,reliab*
Grindstone Adj,effort*assiduous
Grindstone Adj,trust*
Grindstone Adj,responsib*
Grindstone Adj,methodical
Grindstone Adj,industrious
Grindstone Adj,busy
Grindstone Adj,work*
Grindstone Adj,persist*
Grindstone Adj,organiz*
Grindstone Adj,disciplined
Standout Adj,excellen*
Standout Adj,superb
Standout Adj,outstanding
Standout Adj,unique
Standout Adj,exceptional
Standout Adj,unparalleled
Standout Adj,*est
Standout Adj,most
Standout Adj,wonderful
Standout Adj,terrific*
Standout Adj,fabulous
Standout Adj,magnificent
Standout Adj,remarkable
Standout Adj,extraordinar*
Standout Adj,amazing
Standout Adj,supreme*
Standout Adj,unmatched
Standout Adj,"Teaching: (from Schmader, et al. 2007)"
Standout Adj,teach
Standout Adj,instruct
Standout Adj,educat*
Standout Adj,train*
Standout Adj,mentor
Standout Adj,supervis*
Standout Adj,adviser
Standout Adj,counselor
Standout Adj,syllabus
Standout Adj,course*
Standout Adj,class
Standout Adj,service
Standout Adj,colleague
Standout Adj,citizen
Standout Adj,communicate*
Standout Adj,lectur*
Standout Adj,student*
Standout Adj,present*
Standout Adj,rapport
Research,research*
Research,data
Research,study
Research,studies
Research,experiment*
Research,scholarship
Research,test*
Research,result*
Research,finding*
Research,publication*
Research,publish*
Research,vita*
Research,method*
Research,scien*
Research,grant*
Research,fund*
Research,manuscript*
Research,project*
Research,journal*
Research,theor*
Research,discover*
Research,contribution*
Research,*â€™s
Research,First person:
Possessive pronouns and possessives,my
Possessive pronouns and possessives,mine
Possessive pronouns and possessives,our
Possessive pronouns and possessives,ours
Possessive pronouns and possessives,your
Possessive pronouns and possessives,yours
Possessive pronouns and possessives,his
Possessive pronouns and possessives,Her
Possessive pronouns and possessives,its
Possessive pronouns and possessives,their
Possessive pronouns and possessives,theirs
Power,a-list*
Power,above
Power,acclaimed
Power,administr*
Power,age
Power,allow*
Power,amateur*
Power,ambition
Power,ambitions
Power,ambitious
Power,apolog*
Power,apprentic*
Power,approv*
Power,armies
Power,army
Power,asham*
Power,assault*
Power,assertive
Power,attack*
Power,attendant
Power,authorit*
Power,authorize
Power,battl*
Power,beat
Power,beaten
Power,beating
Power,beats
Power,beg
Power,beggar*
Power,begged
Power,begging
Power,beginner
Power,begs
Power,below
Power,best
Power,big
Power,bigger
Power,biggest
Power,boss
Power,bossed
Power,bosses
Power,bossy
Power,bottom
Power,bullies
Power,bully
Power,bum
Power,bums
Power,campaign*
Power,captain
Power,captive*
Power,caretaker
Power,cash
Power,caste
Power,celebrities
Power,celebrity
Power,ceo*
Power,cfo*
Power,chairm*
Power,chairperson
Power,chairw*
Power,champ*
Power,charisma
Power,cheap
Power,cheapen*
Power,cheaper
Power,cheapest
Power,chief*
Power,child
Power,child'*
Power,children*
Power,coach*
Power,command*
Power,compet*
Power,compliance
Power,compliant
Power,complied
Power,complies
Power,comply*
Power,condemn*
Power,confidence
Power,confident
Power,confidently
Power,conform
Power,conformity
Power,congress*
Power,conquer*
Power,conquest*
Power,control*
Power,cop
Power,cops
Power,coup
Power,coward*
Power,criminal*
Power,crook
Power,crooks
Power,crown*
Power,crushed
Power,crushing
Power,deadbeat
Power,dean*
Power,defeat*
Power,defenseless
Power,degrad*
Power,delegate
Power,delegated
Power,delegates
Power,delegating
Power,delegation
Power,demand*
Power,demean*
Power,denied
Power,denies
Power,deny
Power,denying
Power,dependent
Power,destroy*
Power,destruction
Power,dictate
Power,dictator*
Power,dignitaries
Power,dignitary
Power,director*
Power,disadvantag*
Power,disciple*
Power,disgrac*
Power,dishonor*
Power,disreput*
Power,doctor*
Power,domina*
Power,doofus
Power,down
Power,dr
Power,drs
Power,dufus
Power,dummy
Power,education
Power,ego
Power,elit*
Power,employee*
Power,employer*
Power,enorm*
Power,enslav*
Power,exec
Power,executive*
Power,expert*
Power,exploit
Power,fail*
Power,fame
Power,famous
Power,famously
Power,first-class
Power,follower*
Power,forbade
Power,forbid
Power,forbidden
Power,forbids
Power,force*
Power,frail*
Power,freshm*
Power,glori*
Power,glory
Power,god
Power,god's
Power,goddess*
Power,good-for-nothing
Power,govern*
Power,greatest
Power,greatness
Power,greed*
Power,grown-up*
Power,grownup*
Power,help
Power,helper*
Power,helpless*
Power,hierarch*
Power,high
Power,high-ranking
Power,higher
Power,highest
Power,highness
Power,hired
Power,hobo*
Power,homeless*
Power,honor*
Power,honour*
Power,hopeless*
Power,huge
Power,huger
Power,hugest
Power,humble
Power,humbler
Power,humblest
Power,humiliat*
Power,ignorant
Power,important
Power,incapab*
Power,incompeten*
Power,infallib*
Power,infamous
Power,inferior
Power,inferiority
Power,inferiors
Power,influenc*
Power,influential
Power,insecur*
Power,insignificant
Power,inspector
Power,intern
Power,invade
Power,invader
Power,invades
Power,invading
Power,invasion
Power,jd
Power,judge
Power,judged
Power,judgement
Power,judges
Power,judging
Power,junior*
Power,justice*
Power,kid
Power,kid'*
Power,king
Power,king's
Power,kingl*
Power,kingpin
Power,kings
Power,lackey
Power,landlord*
Power,large
Power,larger
Power,largest
Power,law*
Power,lead
Power,leader*
Power,leading
Power,leads
Power,lend
Power,lending
Power,lends
Power,lil
Power,lil'
Power,littler
Power,littlest
Power,loan*
Power,lord*
Power,loser*
Power,low
Power,lower
Power,lowered
Power,lowering
Power,lowers
Power,lowest
Power,lowli*
Power,lowly
Power,ma'am
Power,maam
Power,madam
Power,madame*
Power,maid
Power,maid's
Power,maids
Power,mam
Power,manage
Power,manageabl*
Power,managed
Power,management*
Power,manager*
Power,manages
Power,managing
Power,manipulat*
Power,massive
Power,master
Power,mastered
Power,masterful
Power,mastering
Power,mastermind
Power,masters
Power,mastery
Power,matriarch*
Power,meek*
Power,menial
Power,mentor*
Power,mighty
Power,militant
Power,military
Power,minion*
Power,minister*
Power,minor
Power,missus
Power,mister
Power,monarch*
Power,monopol*
Power,moron*
Power,mr
Power,mrs
Power,ms
Power,mutin*
Power,mvp*
Power,n00b
Power,nann*
Power,newbie*
Power,newcomer*
Power,nominat*
Power,noob
Power,novice
Power,obedience
Power,obedient
Power,obey
Power,obeyed
Power,obeying
Power,obeys
Power,officehold*
Power,officer*
Power,official*
Power,oppose*
Power,oppositi*
Power,order
Power,orders
Power,outcast
Power,outrank*
Power,over
Power,overpower*
Power,overrul*
Power,owner*
Power,pariah*
Power,parliament*
Power,passiv*
Power,pathetic
Power,pathetically
Power,patriarch*
Power,peasant*
Power,peon*
Power,permiss*
Power,permit*
Power,persua*
Power,phd*
Power,pilot*
Power,pitiable
Power,pitied
Power,pities
Power,pitiful
Power,pitifully
Power,pity*
Power,plead*
Power,pledge
Power,polic*
Power,politic*
Power,poor
Power,poorer
Power,poorest
Power,poorhouse*
Power,poorly
Power,poorness*
Power,poverty*
Power,power
Power,powerful
Power,powerfully
Power,powerless*
Power,powers
Power,predator*
Power,presiden*
Power,prestig*
Power,prey
Power,priest*
Power,principal
Power,prison*
Power,privileg*
Power,probation*
Power,prof
Power,professor*
Power,profs
Power,prominen*
Power,punish*
Power,puny
Power,pushy
Power,queen
Power,queen's
Power,queens
Power,rabbi
Power,rabbinal
Power,rank
Power,rebel*
Power,refus*
Power,regulat*
Power,reign*
Power,reject*
Power,request*
Power,resist*
Power,respect
Power,respected
Power,respectful
Power,respectfully
Power,respecting
Power,respects
Power,revolution*
Power,rich
Power,richer
Power,riches
Power,richest
Power,ringleader*
Power,rookie*
Power,royal
Power,royalty
Power,rule
Power,ruler
Power,rules
Power,ruling
Power,scum*
Power,senat*
Power,senior*
Power,senor
Power,senora
Power,servant*
Power,ses
Power,sexploit*
Power,shame*
Power,sir
Power,slave*
Power,small
Power,smaller
Power,smallest
Power,snob*
Power,soldier
Power,soldiers
Power,sovereign*
Power,spearhead*
Power,sr
Power,sra
Power,staff*
Power,status
Power,strength*
Power,strong
Power,stronger
Power,strongest
Power,strongly
Power,struggl*
Power,student*
Power,subjugate*
Power,submissive*
Power,submit*
Power,subordinat*
Power,subserv*
Power,subvers*
Power,subvert*
Power,superior
Power,superiority
Power,superiors
Power,superstar*
Power,supervis*
Power,suppress*
Power,surrender*
Power,taught
Power,teach*
Power,teen
Power,teenage*
Power,terror*
Power,threat*
Power,throne*
Power,tinier
Power,tiniest
Power,tiny
Power,top
Power,unaccept*
Power,under
Power,underclass*
Power,underdog*
Power,underling*
Power,underprivileg*
Power,unimportant
Power,unqualified
Power,unwanted
Power,up
Power,upper
Power,upperclass*
Power,useless
Power,vanquish*
Power,verb
Power,veteran*
Power,victim*
Power,victor*
Power,vip
Power,vp*
Power,vulnerab*
Power,war
Power,warfare*
Power,warred
Power,warring
Power,wars
Power,weak
Power,weaken
Power,weakened
Power,weakening
Power,weakens
Power,weaker
Power,weakest
Power,weakling
Power,weakly
Power,weakness*
Power,wealth
Power,wealthier
Power,wealthiest
Power,wealthy
Power,weenie*
Power,well-known
Power,wimp*
Power,win
Power,winn*
Power,wins
Power,wise
Power,worker*
Power,world-class
Power,worship*
Power,worthless
Power,wuss
Power,wussy
Communication,admit
Communication,admits
Communication,admitted
Communication,admitting
Communication,advice
Communication,affair*
Communication,apolog*
Communication,argu*
Communication,ask
Communication,asked
Communication,asking
Communication,asks
Communication,beg*
Communication,blam*
Communication,call
Communication,called
Communication,calling
Communication,calls
Communication,chat*
Communication,comment*
Communication,communic*
Communication,complain*
Communication,confess*
Communication,confide
Communication,confided
Communication,confides
Communication,confiding
Communication,consult*
Communication,contact*
Communication,contradic*
Communication,convers*
Communication,counsel*
Communication,critici*
Communication,describe
Communication,described
Communication,describes
Communication,describing
Communication,discl*
Communication,discuss*
Communication,email*
Communication,e-mail*
Communication,encourag*
Communication,excuse*
Communication,explain
Communication,explained
Communication,explaining
Communication,explains
Communication,express
Communication,expressed
Communication,expresses
Communication,expressing
Communication,feud*
Communication,fight
Communication,fighting
Communication,fights
Communication,flatter*
Communication,forgiv*
Communication,fought
Communication,gave
Communication,give
Communication,given
Communication,gives
Communication,giving
Communication,gossip*hear
Communication,heard
Communication,hearing
Communication,hears
Communication,hello
Communication,hi
Communication,inform
Communication,informs
Communication,insult*
Communication,interact*
Communication,interrup*
Communication,interview*
Communication,listen
Communication,listened
Communication,listening
Communication,listens
Communication,meet
Communication,meeting*
Communication,meets
Communication,mention*
Communication,messag*
Communication,met
Communication,negotiat*
Communication,participat*
Communication,persua*
Communication,phone*
Communication,praise*
Communication,question
Communication,questioning
Communication,questionned
Communication,questions
Communication,reassur*
Communication,refus*
Communication,replie*
Communication,reply
Communication,request*
Communication,respond*
Communication,rumor*
Communication,rumour*
Communication,said
Communication,say*
Communication,secret
Communication,secrets
Communication,share
Communication,Shared
Communication,shares
Communication,sharing
Communication,speak
Communication,speaking
Communication,speaks
Communication,spoke*
Communication,suggest*
Communication,talk
Communication,talked
Communication,talking
Communication,talks
Communication,teas*
Communication,telephon*
Communication,tell
Communication,telling
Communication,tells
Communication,told
Communication,welcom*
Achievement,abilit*
Achievement,able
Achievement,accomplish*
Achievement,ace
Achievement,achievable
Achievement,achieve*
Achievement,achievi*
Achievement,acquir*
Achievement,acquisition*
Achievement,actualiz*
Achievement,adequa*
Achievement,advanc*
Achievement,advantag*
Achievement,ahead
Achievement,ambition
Achievement,ambitions
Achievement,ambitious
Achievement,ambitiously
Achievement,ambitiousness
Achievement,attain
Achievement,attainable
Achievement,attained
Achievement,attaining
Achievement,attainment
Achievement,attains
Achievement,authorit*
Achievement,award*
Achievement,beat
Achievement,beaten
Achievement,best
Achievement,better
Achievement,bonus*
Achievement,burnout*
Achievement,capab*
Achievement,celebrat*
Achievement,challeng*
Achievement,champ*
Achievement,cheat*
Achievement,climb*
Achievement,compet*
Achievement,confidence
Achievement,confident
Achievement,confidently
Achievement,conquer*
Achievement,conscientious*
Achievement,create
Achievement,created
Achievement,creates
Achievement,creating
Achievement,creation
Achievement,creations
Achievement,creative
Achievement,creativity
Achievement,defeat*
Achievement,demot*
Achievement,determina*
Achievement,determined
Achievement,diligen*
Achievement,domina*
Achievement,driven
Achievement,dropout*
Achievement,earn
Achievement,earned
Achievement,earning
Achievement,earns
Achievement,efficien*
Achievement,effort*
Achievement,elit*
Achievement,emptier
Achievement,emptiest
Achievement,emptiness
Achievement,empty
Achievement,enabl*
Achievement,endeav*
Achievement,excel
Achievement,excellent
Achievement,excels
Achievement,fail*
Achievement,finaliz*
Achievement,first
Achievement,firsts
Achievement,flunk*
Achievement,founded
Achievement,founder*
Achievement,founding
Achievement,fulfill*
Achievement,gain*
Achievement,glory
Achievement,goal*
Achievement,gpa
Achievement,honor*
Achievement,honour*
Achievement,ideal*
Achievement,importance
Achievement,improve*
Achievement,improving
Achievement,inadequa*
Achievement,incapab*
Achievement,incentive*
Achievement,incompeten*
Achievement,ineffect*
Achievement,initiat*
Achievement,irresponsible*
Achievement,lazier
Achievement,laziest
Achievement,lazy
Achievement,lead
Achievement,leader*
Achievement,leading
Achievement,leads
Achievement,limit*
Achievement,lose
Achievement,loser*
Achievement,loses
Achievement,losing
Achievement,loss*
Achievement,lost
Achievement,mastered
Achievement,mastery
Achievement,medal*
Achievement,mediocr*
Achievement,motiv*
Achievement,obtain
Achievement,obtainable
Achievement,obtained
Achievement,obtaining
Achievement,obtains
Achievement,opportun*
Achievement,overcame
Achievement,overcome
Achievement,overcomes
Achievement,overcoming
Achievement,overconfiden*
Achievement,overtak*
Achievement,perfected
Achievement,perfecting
Achievement,perfection
Achievement,perfectly
Achievement,perfects
Achievement,persever*
Achievement,persist*
Achievement,plan
Achievement,planned
Achievement,planning
Achievement,plans
Achievement,potential*
Achievement,powerful
Achievement,powerless*
Achievement,practice
Achievement,practiced
Achievement,practices
Achievement,practicing
Achievement,prais*
Achievement,pride
Achievement,prize*
Achievement,proficien*
Achievement,progress
Achievement,promot*
Achievement,proud
Achievement,prouder
Achievement,proudest
Achievement,proudly
Achievement,purpose*
Achievement,queen
Achievement,quit
Achievement,quitt*
Achievement,rank
Achievement,ranked
Achievement,ranking
Achievement,ranks
Achievement,recover*
Achievement,resolv*
Achievement,resourceful*
Achievement,reward*
Achievement,skill*
Achievement,solution*
Achievement,solve
Achievement,solved
Achievement,solves
Achievement,solving
Achievement,strateg*
Achievement,striv*
Achievement,succeed*
Achievement,success
Achievement,successes
Achievement,successful
Achievement,successfully
Achievement,super
Achievement,superb*
Achievement,surpass*
Achievement,surviv*
Achievement,team*
Achievement,top
Achievement,tried
Achievement,tries
Achievement,triumph*
Achievement,try
Achievement,trying
Achievement,unable
Achievement,unbeat*
Achievement,unproduc*
Achievement,unsuccessful*
Achievement,victor*
Achievement,win
Achievement,winn*
Achievement,wins
Achievement,won
Achievement,work
Achievement,workabl*
Achievement,worked
Achievement,worker*
Achievement,working
Achievement,works
Certainty,absolute
Certainty,absolutely
Certainty,accura*
Certainty,all
Certainty,altogether
Certainty,always
Certainty,apparent
Certainty,assur*
Certainty,blatant*
Certainty,certain*
Certainty,clear
Certainty,clearly
Certainty,commit
Certainty,commitment*
Certainty,commits
Certainty,committed
Certainty,committing
Certainty,complete
Certainty,completed
Certainty,completely
Certainty,completes
Certainty,confidence
Certainty,confident
Certainty,confidently
Certainty,correct*
Certainty,defined
Certainty,definite
Certainty,definitely
Certainty,definitive*
Certainty,directly
Certainty,distinct*
Certainty,entire*
Certainty,especially
Certainty,essential
Certainty,ever
Certainty,every
Certainty,everybod*
Certainty,everyday
Certainty,everyone*
Certainty,everything*
Certainty,everytime
Certainty,everywhere*
Certainty,evident*
Certainty,exact*
Certainty,explicit*
Certainty,extremely
Certainty,fact
Certainty,facts
Certainty,factual*
Certainty,forever
Certainty,frankly
Certainty,fundamental
Certainty,fundamentalis*
Certainty,fundamentally
Certainty,fundamentals
Certainty,guarant*
Certainty,implicit*
Certainty,indeed
Certainty,inevitab*
Certainty,infallib*
Certainty,invariab*
Certainty,irrefu*
Certainty,must
Certainty,must'nt
Certainty,must've
Certainty,mustn't
Certainty,mustnt
Certainty,mustve
Certainty,namely
Certainty,necessari*
Certainty,necessary
Certainty,never
Certainty,nothing
Certainty,nowhere
Certainty,obvious
Certainty,obviously
Certainty,particularly
Certainty,perfection
Certainty,perfectly
Certainty,perfects
Certainty,positive
Certainty,positively
Certainty,positives
Certainty,positivi*
Certainty,precis*
Certainty,promise*
Certainty,proof
Certainty,prove*
Certainty,proving
Certainty,pure
Certainty,purely
Certainty,pureness
Certainty,purest
Certainty,purity
Certainty,specific
Certainty,specifically
Certainty,specifics
Certainty,sure*
Certainty,total
Certainty,totally
Certainty,truest
Certainty,TRUE
Certainty,truly
Certainty,truth*
Certainty,unambigu*
Certainty,undeniab*
Certainty,undoubt*
Certainty,unquestion*
Certainty,visibly
Certainty,wholly
Certainty,perfect
Certainty,perfected
Certainty,perfecting
Tentative,allot
Tentative,almost
Tentative,alot
Tentative,ambigu*
Tentative,any
Tentative,anybod*
Tentative,anyhow
Tentative,anyone*
Tentative,anything
Tentative,anytime
Tentative,anywhere
Tentative,apparently
Tentative,appear
Tentative,appeared
Tentative,appearing
Tentative,appears
Tentative,apprehens*
Tentative,approximat*
Tentative,arbitrar*
Tentative,assum*
Tentative,barely
Tentative,bet
Tentative,bets
Tentative,betting
Tentative,blur*
Tentative,border*
Tentative,chance
Tentative,confuse
Tentative,confused
Tentative,confuses
Tentative,confusing
Tentative,confusion*
Tentative,contingen*
Tentative,depend
Tentative,depended
Tentative,depending
Tentative,depends
Tentative,disorient*
Tentative,doubt*
Tentative,dubious*
Tentative,dunno
Tentative,fairly
Tentative,feasible
Tentative,fuzz*
Tentative,generally
Tentative,guess
Tentative,guessed
Tentative,guesses
Tentative,guessing
Tentative,half-ass*
Tentative,halfass*
Tentative,hardly
Tentative,hazy
Tentative,hesita*
Tentative,hope
Tentative,hoped
Tentative,hopeful
Tentative,hopefully
Tentative,hopes
Tentative,hoping
Tentative,hypothes*
Tentative,hypothetic*
Tentative,if
Tentative,incomplet*
Tentative,indecis*
Tentative,indefinit*
Tentative,indirect*
Tentative,kind of
Tentative,kinda
Tentative,kindof
Tentative,likel*
Tentative,lot
Tentative,lotof
Tentative,lots
Tentative,lotsa
Tentative,lotta
Tentative,luck
Tentative,lucked
Tentative,luckier
Tentative,luckiest
Tentative,luckily
Tentative,lucky
Tentative,mainly
Tentative,marginal*
Tentative,may
Tentative,maybe
Tentative,might
Tentative,might've
Tentative,mightve
Tentative,most
Tentative,mostly
Tentative,myster*
Tentative,nearly
Tentative,obscur*
Tentative,occasional*
Tentative,often
Tentative,opinion
Tentative,option*
Tentative,or
Tentative,overall
Tentative,partly
Tentative,perhaps
Tentative,possib*
Tentative,potential*
Tentative,practically
Tentative,pretty
Tentative,probab*
Tentative,prolly
Tentative,puzzl*
Tentative,question
Tentative,questioned
Tentative,questioning
Tentative,questions
Tentative,quite
Tentative,random
Tentative,randomly
Tentative,randomness
Tentative,s'pose
Tentative,seem
Tentative,seemed
Tentative,seeming*
Tentative,seems
Tentative,shaky
Tentative,skeptic*
Tentative,some
Tentative,somebod*
Tentative,someday
Tentative,somehow
Tentative,someone*
Tentative,something*
Tentative,sometime
Tentative,sometimes
Tentative,somewhat
Tentative,somewhere
Tentative,sort
Tentative,sorta
Tentative,sortof
Tentative,sorts
Tentative,sortsa
Tentative,spose
Tentative,suppose
Tentative,supposed
Tentative,supposedly
Tentative,supposes
Tentative,supposing
Tentative,supposition*
Tentative,tempora*
Tentative,tentativ*
Tentative,theor*
Tentative,try
Tentative,trying
Tentative,tryna
Tentative,typically
Tentative,uncertain*
Tentative,unclear*
Tentative,undecided*
Tentative,undetermin*
Tentative,unknowing
Tentative,unknowingly
Tentative,unknown
Tentative,unlikel*
Tentative,unresolv*
Tentative,unsettl*
Tentative,unsure*
Tentative,usually
Tentative,vague
Tentative,vaguely
Tentative,vagueness
Tentative,vaguer
Tentative,vaguest
Tentative,variab*
Tentative,varies
Tentative,vary
Tentative,virtually
Tentative,wonder
Tentative,wondered
Tentative,wondering
Tentative,wonders
Reward,access*
Reward,accrue*
Reward,accumul*
Reward,achievable
Reward,achieve*
Reward,achievi*
Reward,acquir*
Reward,add
Reward,added
Reward,adding
Reward,adds
Reward,advanc*
Reward,advantag*
Reward,adventur*
Reward,amass*
Reward,approach
Reward,approached
Reward,approaches
Reward,approaching
Reward,award*
Reward,benefit
Reward,benefits
Reward,best
Reward,bet
Reward,bets
Reward,better
Reward,betting
Reward,bold
Reward,bonus*
Reward,confidence
Reward,confident
Reward,confidently
Reward,crave
Reward,craving
Reward,dare
Reward,dared
Reward,dares
Reward,daring
Reward,desir*
Reward,eager
Reward,eagerly
Reward,eagerness
Reward,earn
Reward,earned
Reward,earning
Reward,earnings
Reward,earns
Reward,enthus*
Reward,excite
Reward,excited
Reward,excitedly
Reward,excitement
Reward,exciting
Reward,fearless*
Reward,fulfill*
Reward,gain*
Reward,get
Reward,gets
Reward,getting
Reward,goal*
Reward,good
Reward,got
Reward,gotten
Reward,great
Reward,greed*
Reward,nvigor*
Reward,jackpot*
Reward,luck
Reward,lucky
Reward,obtain
Reward,obtainable
Reward,obtained
Reward,obtaining
Reward,obtains
Reward,opportun*
Reward,optimal*
Reward,optimism
Reward,optimistic
Reward,perfect
Reward,perfected
Reward,perfecting
Reward,perfection
Reward,perfectly
Reward,plus
Reward,ipositive
Reward,positively
Reward,positives
Reward,positivi*
Reward,prize*
Reward,profit*
Reward,promot*
Reward,reward*
Reward,score*
Reward,scoring
Reward,seize*
Reward,snag*
Reward,steal*
Reward,stole
Reward,succeed*
Reward,success
Reward,successes
Reward,successful
Reward,successfully
Reward,surpass*
Reward,take
Reward,taken
Reward,takes
Reward,taking
Reward,took
Reward,triumph*
Reward,victor*
Reward,wager
Reward,wagered
Reward,wagering
Reward,wagers
Reward,willing
Reward,win
Reward,winn*
Reward,wins
Reward,won
Negate,ain't
Negate,aint
Negate,aren't
Negate,arent
Negate,can't
Negate,cannot
Negate,cant
Negate,couldn't
Negate,couldnt
Negate,didn't
Negate,didnt
Negate,doesn't
Negate,doesnt
Negate,don't
Negate,dont
Negate,hadn't
Negate,hadnt
Negate,hasn't
Negate,hasnt
Negate,haven't
Negate,havent
Negate,idk
Negate,isn't
Negate,isnt
Negate,must'nt
Negate,mustn't
Negate,mustnt
Negate,nah*
Negate,need'nt
Negate,needn't
Negate,neednt
Negate,negat*
Negate,neither
Negate,never
Negate,no
Negate,nobod*
Negate,noes
Negate,none
Negate,nope
Negate,nor
Negate,not
Negate,nothing
Negate,nowhere
Negate,np
Negate,ought'nt
Negate,oughtn't
Negate,oughtnt
Negate,shan't
Negate,shant
Negate,should'nt
Negate,shouldn't
Negate,shouldnt
Negate,uh-uh
Negate,wasn't
Negate,wasnt
Negate,weren't
Negate,werent
Negate,without
Negate,won't
Negate,wont
Negate,wouldn't
Negate,wouldnt
Compare,after
Compare,alike
Compare,angrier
Compare,angriest
Compare,as
Compare,awesomer
Compare,awesomest
Compare,awfulest
Compare,before
Compare,best
Compare,better
Compare,bigger
Compare,biggest
Compare,bolder
Compare,boldest
Compare,bottom
Compare,braver
Compare,bravest
Compare,brighter
Compare,brightest
Compare,broader
Compare,broadest
Compare,busier
Compare,busiest
Compare,calmer
Compare,calmest
Compare,cheaper
Compare,cheapest
Compare,cleaner
Compare,cleanest
Compare,closer
Compare,closest
Compare,colder
Compare,coldest
Compare,compar*
Compare,cooler
Compare,coolest
Compare,crazier
Compare,craziest
Compare,creepier
Compare,creepiest
Compare,crueler
Compare,cruelest
Compare,cuter
Compare,cutest
Compare,danker
Compare,dankest
Compare,darker
Compare,darkest
Compare,deeper
Compare,deepest
Compare,difference*
Compare,different
Compare,dirtier
Compare,dirtiest
Compare,dissimil*
Compare,drier
Compare,driest
Compare,dumber
Compare,dumbest
Compare,earlier
Compare,earliest
Compare,easier
Compare,easiest
Compare,either
Compare,emptier
Compare,emptiest
Compare,equal*
Compare,equival*
Compare,fairer
Compare,fairest
Compare,farther
Compare,farthest
Compare,faster
Compare,fastest
Compare,fatter
Compare,fattest
Compare,fattier
Compare,fattiest
Compare,fewer
Compare,fewest
Compare,finer
Compare,finest
Compare,former
Compare,formerly
Compare,fresher
Compare,freshest
Compare,friendlier
Compare,friendliest
Compare,fuller
Compare,fullest
Compare,funner
Compare,funnest
Compare,funnier
Compare,funniest
Compare,further
Compare,furthest
Compare,gayer
Compare,gayest
Compare,gentler
Compare,gentlest
Compare,gloomier
Compare,gloomiest
Compare,greater
Compare,greatest
Compare,grosser
Compare,grossest
Compare,guiltier
Compare,guiltiest
Compare,handsomest
Compare,happier
Compare,happiest
Compare,harder
Compare,hardest
Compare,healthier
Compare,healthiest
Compare,heavie*
Compare,higher
Compare,highest
Compare,holier
Compare,holiest
Compare,hotter
Compare,hottest
Compare,huger
Compare,hugest
Compare,humbler
Compare,humblest
Compare,hungrier
Compare,hungriest
Compare,identical
Compare,lamer
Compare,lamest
Compare,larger
Compare,largest
Compare,later
Compare,latest
Compare,lazier
Compare,laziest
Compare,least
Compare,less
Compare,lighter
Compare,lightest
Compare,like
Compare,littler
Compare,littlest
Compare,lonelier
Compare,loneliest
Compare,longer
Compare,longest
Compare,looser
Compare,loosest
Compare,louder
Compare,loudest
Compare,lovelier
Compare,loveliest
Compare,lower
Compare,lowest
Compare,luckier
Compare,luckiest
Compare,madder
Compare,maddest
Compare,meaner
Compare,meanest
Compare,messier
Compare,messiest
Compare,middle
Compare,milder
Compare,mildest
Compare,mo
Compare,mo'
Compare,more
Compare,most
Compare,narrower
Compare,narrowest
Compare,nearer
Compare,nearest
Compare,neater
Compare,neatest
Compare,neither
Compare,newer
Compare,newest
Compare,nicer
Compare,nicest
Compare,noisier
Compare,Noisiest
Compare,odder
Compare,oddest
Compare,older
Compare,oldest
Compare,particular
Compare,pettier
Compare,pettiest
Compare,plainer
Compare,plainest
Compare,poorer
Compare,poorest
Compare,prettier
Compare,prettiest
Compare,prouder
Compare,proudest
Compare,purer
Compare,purest
Compare,pushier
Compare,pushiest
Compare,quicker
Compare,quickest
Compare,quieter
Compare,quietest
Compare,rarer
Compare,rarest
Compare,recent*
Compare,richer
Compare,richest
Compare,rougher
Compare,roughest
Compare,rounder
Compare,roundest
Compare,sadder
Compare,saddest
Compare,safer
Compare,safest
Compare,same
Compare,scarcer
Compare,scarcest
Compare,scarier
Compare,scariest
Compare,sexier
Compare,sexiest
Compare,shadier
Compare,shadiest
Compare,shorter
Compare,shortest
Compare,sicker
Compare,sickest
Compare,sillier
Compare,silliest
Compare,similar*
Compare,simpler
Compare,simplest
Compare,skinnier
Compare,skinniest
Compare,sleepier
Compare,sleepiest
Compare,slower
Compare,slowest
Compare,smaller
Compare,smallest
Compare,smarter
Compare,smartest
Compare,softer
Compare,softest
Compare,sooner
Compare,soonest
Compare,stiffer
Compare,stiffest
Compare,straighter
Compare,straightest
Compare,strangest
Compare,stricter
Compare,strictest
Compare,stronger
Compare,strongest
Compare,stupider
Compare,stupidest
Compare,sunnier
Compare,sunniest
Compare,sweeter
Compare,sweetest
Compare,taller
Compare,tallest
Compare,tastier
Compare,tastiest
Compare,than
Compare,thinner
Compare,thinnest
Compare,thriftier
Compare,thriftiest
Compare,tighter
Compare,tightest
Compare,tinier
Compare,tiniest
Compare,top
Compare,tougher
Compare,toughest
Compare,trickier
Compare,trickiest
Compare,truer
Compare,truest
Compare,uglier
Compare,ugliest
Compare,unique
Compare,vaguer
Compare,vaguest
Compare,variety
Compare,various
Compare,warmer
Compare,warmest
Compare,weaker
Compare,weakest
Compare,wealthier
Compare,wealthiest
Compare,weirder
Compare,weirdest
Compare,wetter
Compare,wettest
Compare,wider
Compare,widest
Compare,wilder
Compare,wildest
Compare,wiser
Compare,wisest
Compare,wittier
Compare,wittiest
Compare,worse
Compare,worst
Compare,younger
Compare,youngest
posemo,accept
posemo,accepta*
posemo,accepted
posemo,accepting
posemo,accepts
posemo,active
posemo,actively
posemo,admir*
posemo,ador*
posemo,advantag*
posemo,adventur*
posemo,affection*
posemo,agree
posemo,agreeable
posemo,agreeableness
posemo,agreeably
posemo,agreed
posemo,agreeing
posemo,agreement*
posemo,agrees
posemo,alright*
posemo,amaze*
posemo,amazing
posemo,amazingly
posemo,amor*
posemo,amus*
posemo,aok
posemo,appreciat*
posemo,approv*
posemo,assur*
posemo,attract
posemo,attracted
posemo,attracting
posemo,attraction
posemo,attracts
posemo,award*
posemo,awesome
posemo,beautiful
posemo,beautify
posemo,beauty
posemo,beloved
posemo,benefic*
posemo,benefit
posemo,benefits
posemo,benefitt*
posemo,benevolen*
posemo,best
posemo,bestest
posemo,bestie
posemo,besties
posemo,better
posemo,bless*
posemo,bliss*
posemo,bold
posemo,bolder
posemo,boldest
posemo,boldly
posemo,bonus*
posemo,brave
posemo,braved
posemo,braver
posemo,bravery
posemo,braves
posemo,bravest
posemo,bright
posemo,brilliance*
posemo,brilliant
posemo,brilliantly
posemo,calm
posemo,calmer
posemo,calmest
posemo,calming
posemo,care
posemo,cared
posemo,carefree
posemo,cares
posemo,caring
posemo,certain*
posemo,challeng*
posemo,champ*
posemo,charit*
posemo,charm*
posemo,cheer
posemo,cheerful
posemo,cheers
posemo,cheery
posemo,cherish*
posemo,chuckl*
posemo,clever
posemo,comed*
posemo,comfort
posemo,comfortable
posemo,comfortably
posemo,comforting
posemo,comforts
posemo,compassion*
posemo,compliment*
posemo,confidence
posemo,confident
posemo,confidently
posemo,considerate
posemo,contented*
posemo,contentment
posemo,cool
posemo,courag*
posemo,create
posemo,created
posemo,creates
posemo,creating
posemo,creation
posemo,creations
posemo,creative
posemo,creativity
posemo,credit*
posemo,cute
posemo,cuter
posemo,cutest
posemo,cutie*
posemo,daring
posemo,darlin*
posemo,dear
posemo,dearly
posemo,decent
posemo,definitely
posemo,delectabl*
posemo,delicate*
posemo,delicious*
posemo,deligh*
posemo,desir*
posemo,determina*
posemo,determined
posemo,devot*
posemo,dignified
posemo,dignifies
posemo,dignifying
posemo,dignity
posemo,divin*
posemo,eager
posemo,eagerly
posemo,eagerness
posemo,ease*
posemo,easier
posemo,easiest
posemo,easily
posemo,easiness
posemo,easing
posemo,easy*
posemo,ecsta*
posemo,elegan*
posemo,encourag*
posemo,energ*
posemo,engag*
posemo,enjoy*
posemo,entertain*
posemo,enthus*
posemo,excel
posemo,excelled
posemo,excellence
posemo,excellent
posemo,excellently
posemo,excelling
posemo,excels
posemo,excite
posemo,excited
posemo,excitedly
posemo,excitement
posemo,exciting
posemo,fab
posemo,fabulous
posemo,fabulously
posemo,fabulousness
posemo,fair
posemo,fairer
posemo,fairest
posemo,faith*
posemo,fantasi*
posemo,fantastic
posemo,fantastical
posemo,fantastically
posemo,fantasy
posemo,fav
posemo,fave
posemo,favor
posemo,favoring
posemo,favorite
posemo,favors
posemo,favour*
posemo,fearless*
posemo,festiv*
posemo,fiesta*
posemo,fine
posemo,finer
posemo,finest
posemo,flatter*
posemo,flawless*
posemo,flexib*
posemo,flirt
posemo,flirtatious
posemo,flirting
posemo,flirts
posemo,flirty
posemo,fond
posemo,fondly
posemo,fondness
posemo,forgave
posemo,forgiv*
posemo,fortunately
posemo,free
posemo,free-think*
posemo,freed*
posemo,freeing
posemo,freely
posemo,frees*
posemo,freethink*
posemo,fun
posemo,funner
posemo,funnest
posemo,funnier
posemo,funnies
posemo,funniest
posemo,funnily
posemo,funniness
posemo,funny
posemo,genero*
posemo,gentle
posemo,gentler
posemo,gentlest
posemo,gently
posemo,giggl*
posemo,giver*
posemo,giving
posemo,glad
posemo,gladly
posemo,glamor*
posemo,glamour*
posemo,glori*
posemo,glory
posemo,good
posemo,goodness
posemo,gorgeous
posemo,gorgeously
posemo,gorgeousness
posemo,grace
posemo,graced
posemo,graceful*
posemo,graces
posemo,graci*
posemo,grand
posemo,grande*
posemo,gratef*
posemo,grati*
posemo,great
posemo,greater
posemo,greatest
posemo,greatness
posemo,grin
posemo,grinn*
posemo,grins
posemo,ha
posemo,hah
posemo,haha*
posemo,handsome
posemo,handsomely
posemo,handsomest
posemo,happier
posemo,happiest
posemo,happily
posemo,happiness
posemo,happy
posemo,harmon*
posemo,heal
posemo,healed
posemo,healer*
posemo,healing
posemo,heals
posemo,healthy
posemo,heartfelt
posemo,heartwarm*
posemo,heaven*
posemo,heh*
posemo,helper*
posemo,helpful
posemo,helpfully
posemo,helpfulness
posemo,helping
posemo,helps
posemo,hero
posemo,hero's
posemo,heroes
posemo,heroic*
posemo,heroine*
posemo,heroism
posemo,hilarious
posemo,hoho*
posemo,honest
posemo,honestly
posemo,honesty
posemo,honor*
posemo,honour*
posemo,hooray
posemo,hope
posemo,hoped
posemo,hopeful
posemo,hopefully
posemo,hopes
posemo,hoping
posemo,hug
posemo,hugg*
posemo,hugs
posemo,humor*
posemo,humour*
posemo,hurra*
posemo,ideal*
posemo,ily*
posemo,importance
posemo,important
posemo,importantly
posemo,impress*
posemo,improve*
posemo,improving
posemo,incentive*
posemo,innocen*
posemo,inspir*
posemo,intellect*
posemo,intelligence
posemo,intelligent
posemo,interest
posemo,interested
posemo,interesting
posemo,interests
posemo,invigor*
posemo,joke*
posemo,joking
posemo,jolly
posemo,joy*
posemo,keen*
posemo,kidding
posemo,kind
posemo,kindly
posemo,kindn*
posemo,kiss*
posemo,laidback
posemo,laugh*
posemo,legit
posemo,libert*
posemo,to like
posemo,(i) like*
posemo,(you) like*
posemo,(we) like*
posemo,(they) like*
posemo,(do) like
posemo,(don't) like
posemo,(did) like
posemo,(didn't) like
posemo,(will) like
posemo,(won't) like
posemo,(does) like
posemo,(doesn't) like
posemo,(did not) like
posemo,(will not) like
posemo,(do not) like
posemo,(does not) like
posemo,(would not) like
posemo,(should not) like
posemo,(could not) like
posemo,(discrep) like*
posemo,likeab*
posemo,liked
posemo,likes
posemo,liking
posemo,livel*
posemo,lmao*
posemo,lmfao*
posemo,lol
posemo,love
posemo,loved
posemo,lovelier
posemo,loveliest
posemo,lovely
posemo,lover*
posemo,loves
posemo,loving*
posemo,loyal
posemo,loyalt*
posemo,luck
posemo,lucked
posemo,luckier
posemo,luckiest
posemo,luckily
posemo,lucky
posemo,luv
posemo,magnific*
posemo,merit*
posemo,merr*
posemo,neat
posemo,neater
posemo,neatest
posemo,neatness
posemo,nice
posemo,nicely
posemo,niceness*
posemo,nicer
posemo,nicest
posemo,niceties
posemo,nurtur*
posemo,ok
posemo,okay
posemo,okayed
posemo,okays
posemo,okey*
posemo,oks
posemo,open-minded*
posemo,openminded*
posemo,openness
posemo,opportun*
posemo,optimal*
posemo,optimism
posemo,optimistic
posemo,original
posemo,outgoing
posemo,paradise*
posemo,partie*
posemo,party*
posemo,passion*
posemo,peace
posemo,peaceful
posemo,peacefully
posemo,peacekeep*
posemo,peacemak*
posemo,perfect
posemo,perfected
posemo,perfecting
posemo,perfection
posemo,perfectly
posemo,play
posemo,played
posemo,playful
posemo,playfully
posemo,playfulness
posemo,playing
posemo,plays
posemo,pleasant*
posemo,please*
posemo,pleasing
posemo,pleasur*
posemo,polite
posemo,politely
posemo,popular
posemo,populari*
posemo,positive
posemo,positively
posemo,positives
posemo,positivi*
posemo,prais*
posemo,precious*
posemo,prettier
posemo,prettiest
posemo,pretty
posemo,pride
posemo,privileg*
posemo,prize*
posemo,profit*
posemo,promise*
posemo,promising
posemo,proud
posemo,prouder
posemo,proudest
posemo,proudly
posemo,radian*
posemo,readiness
posemo,ready
posemo,reassur*
posemo,reinvigor*
posemo,rejoice*
posemo,relax*
posemo,relief
posemo,reliev*
posemo,resolv*
posemo,respect
posemo,respected
posemo,respectful
posemo,respectfully
posemo,respecting
posemo,reward*
posemo,rich
posemo,richer
posemo,riches
posemo,richest
posemo,rofl*
posemo,romanc*
posemo,romantic*
posemo,safe
posemo,safely
posemo,safer
posemo,safest
posemo,safety
posemo,satisf*
posemo,save
posemo,scrumptious*
posemo,secur*
posemo,sentimental*
posemo,sexy
posemo,share
posemo,shared
posemo,shares
posemo,sharing
posemo,sillier
posemo,silliest
posemo,silly
posemo,sincer*
posemo,smart
posemo,smarter
posemo,smartest
posemo,smartly
posemo,smil*
posemo,sociability
posemo,sociable
posemo,soulmate*
posemo,special
posemo,splendid
posemo,splendidly
posemo,splendor
posemo,strength*
posemo,strong
posemo,stronger
posemo,strongest
posemo,strongly
posemo,succeed*
posemo,success
posemo,successes
posemo,successful
posemo,successfully
posemo,sunnier
posemo,sunniest
posemo,sunny
posemo,sunshin*
posemo,super
posemo,superb*
posemo,superior
posemo,support
posemo,supported
posemo,supporter*
posemo,supporting
posemo,supportive
posemo,supports
posemo,suprem*
posemo,sure*
posemo,surprise
posemo,surprised*
posemo,surprising*
posemo,sweet
posemo,sweeter
posemo,sweetest
posemo,sweetheart*
posemo,sweetie*
posemo,sweetly
posemo,sweetness*
posemo,sweets
posemo,talent*
posemo,teehe*
posemo,tender
posemo,tenderly
posemo,terrific
posemo,terrifically
posemo,thank
posemo,thanked
posemo,thankful
posemo,thankfully
posemo,thanking
posemo,thanks
posemo,thanx
posemo,thnx
posemo,thoughtful*
posemo,thrill*
posemo,thx
posemo,toleran*
posemo,tranquil*
posemo,treasur*
posemo,treat
posemo,triumph*
posemo,TRUE
posemo,truer
posemo,truest
posemo,truly
posemo,trust
posemo,trusted
posemo,trusting
posemo,trusts
posemo,trustworthiness
posemo,trustworthy
posemo,trusty
posemo,truth*
posemo,ty
posemo,upbeat
posemo,useful
posemo,usefully
posemo,usefulness
posemo,valuabl*
posemo,value
posemo,valued
posemo,values
posemo,valuing
posemo,vigor*
posemo,vigour*
posemo,virtue*
posemo,virtuo*
posemo,vital*
posemo,warm
posemo,warmed
posemo,warmer
posemo,warmest
posemo,warming
posemo,warmly
posemo,warms
posemo,warmth
posemo,wealth
posemo,wealthier
posemo,wealthiest
posemo,wealthy
posemo,welcom*
posemo,well
posemo,wellbeing
posemo,wellness
posemo,win
posemo,winn*
posemo,wins
posemo,wisdom
posemo,wise
posemo,wisely
posemo,wiser
posemo,wisest
posemo,won
posemo,wonderful
posemo,wonderfully
posemo,worship*
posemo,worthwhile
posemo,wow*
posemo,yay*
posemo,yum
posemo,yummy
negemo,abandon*
negemo,abuse*
negemo,abusi*
negemo,ache*
negemo,aching*
negemo,advers*
negemo,afraid
negemo,aggravat*
negemo,aggress
negemo,aggressed
negemo,aggresses
negemo,aggressing
negemo,aggression*
negemo,aggressive
negemo,aggressively
negemo,aggressor*
negemo,agitat*
negemo,agoniz*
negemo,agony
negemo,alarm*
negemo,alone
negemo,anger*
negemo,angrier
negemo,angriest
negemo,angry
negemo,anguish*
negemo,annoy
negemo,annoyed
negemo,annoying
negemo,annoys
negemo,antagoni*
negemo,anxiety
negemo,anxious
negemo,anxiously
negemo,anxiousness
negemo,apath*
negemo,appall*
negemo,apprehens*
negemo,argh*
negemo,argu*
negemo,arrogan*
negemo,asham*
negemo,assault*
negemo,asshole*
negemo,attack*
negemo,aversi*
negemo,avoid*
negemo,awful
negemo,awkward
negemo,bad
negemo,badly
negemo,bashful*
negemo,bastard*
negemo,battl*
negemo,beaten
negemo,bereave*
negemo,bitch*
negemo,bitter
negemo,bitterly
negemo,bitterness
negemo,blam*
negemo,bore*
negemo,boring
negemo,bother*
negemo,broke
negemo,brutal*
negemo,burden*
negemo,careless*
negemo,cheat*
negemo,coldly
negemo,complain*
negemo,condemn*
negemo,confront*
negemo,confuse
negemo,confused
negemo,confusedly
negemo,confusing
negemo,contempt*
negemo,contradic*
negemo,crap
negemo,crappy
negemo,crazy
negemo,cried
negemo,cries
negemo,critical
negemo,critici*
negemo,crude
negemo,crudely
negemo,cruel
negemo,crueler
negemo,cruelest
negemo,cruelty
negemo,crushed
negemo,cry
negemo,crying
negemo,cunt*
negemo,curse
negemo,cut
negemo,cynic*
negemo,damag*
negemo,damn*
negemo,danger
negemo,dangerous
negemo,dangerously
negemo,dangers
negemo,daze*
negemo,decay*
negemo,deceptive
negemo,deceiv*
negemo,defeat*
negemo,defect*
negemo,defenc*
negemo,defend*
negemo,defense
negemo,defenseless
negemo,defensive
negemo,defensively
negemo,defensiveness
negemo,degrad*
negemo,demean*
negemo,demot*
negemo,denial
negemo,depress*
negemo,depriv*
negemo,despair*
negemo,desperat*
negemo,despis*
negemo,destroy*
negemo,destruct
negemo,destructed
negemo,destruction
negemo,destructive
negemo,destructiveness
negemo,devastat*
negemo,devil*
negemo,difficult
negemo,difficulties
negemo,difficulty
negemo,disadvantag*
negemo,disagree*
negemo,disappoint*
negemo,disaster*
negemo,discomfort*
negemo,discourag*
negemo,disgrac*
negemo,disgust*
negemo,dishearten*
negemo,dishonor*
negemo,disillusion*
negemo,dislike
negemo,disliked
negemo,dislikes
negemo,disliking
negemo,dismay*
negemo,disreput*
negemo,diss
negemo,dissatisf*
negemo,distraught
negemo,distress*
negemo,distrust*
negemo,disturb*
negemo,domina*
negemo,doom*
negemo,dork*
negemo,doubt*
negemo,dread*
negemo,dull
negemo,dumb
negemo,dumbass*
negemo,dumber
negemo,dumbest
negemo,dummy
negemo,dump*
negemo,dwell*
negemo,egotis*
negemo,embarrass*
negemo,emotional
negemo,emptier
negemo,emptiest
negemo,emptiness
negemo,empty
negemo,enemie*
negemo,enemy*
negemo,enrag*
negemo,envie*
negemo,envious
negemo,envy*
negemo,evil
negemo,excruciat*
negemo,exhaust*
negemo,fail*
negemo,fake
negemo,fatal*
negemo,fatigu*
negemo,fault*
negemo,fear
negemo,feared
negemo,fearful*
negemo,fearing
negemo,fears
negemo,feroc*
negemo,feud*
negemo,fiery
negemo,fight*
negemo,fired
negemo,flunk*
negemo,foe*
negemo,fool
negemo,fooled
negemo,fooling
negemo,foolish
negemo,foolishly
negemo,fools
negemo,forbade
negemo,forbid
negemo,forbidden
negemo,forbidding
negemo,forbids
negemo,fought
negemo,frantic*
negemo,freak*
negemo,fright*
negemo,frustrat*
negemo,fuck
negemo,fucked*
negemo,fucker*
negemo,fuckface*
negemo,fuckh*
negemo,fuckin*
negemo,fucks
negemo,fucktard
negemo,fucktwat*
negemo,fuckwad*
negemo,fume*
negemo,fuming
negemo,furious*
negemo,fury
negemo,geek*
negemo,gloom
negemo,gloomier
negemo,gloomiest
negemo,gloomily
negemo,gloominess
negemo,gloomy
negemo,goddam*
negemo,good-for-nothing
negemo,gossip*
negemo,grave*
negemo,greed*
negemo,grief
negemo,griev*
negemo,grim
negemo,grimac*
negemo,grimly
negemo,gross
negemo,grossed
negemo,grosser
negemo,grossest
negemo,grossing
negemo,grossly
negemo,grossness
negemo,grouch*
negemo,grr*
negemo,grudg*
negemo,guilt
negemo,guilt-trip*
negemo,guiltier
negemo,guiltiest
negemo,guilty
negemo,hangover*
negemo,harass*
negemo,harm
negemo,harmed
negemo,harmful
negemo,harmfully
negemo,harmfulness
negemo,harming
negemo,harms
negemo,harsh
negemo,hate
negemo,hated
negemo,hateful*
negemo,hater*
negemo,hates
negemo,hating
negemo,hatred
negemo,haunted
negemo,hazard*
negemo,heartbreak*
negemo,heartbroke*
negemo,heartless*
negemo,hell
negemo,hellish
negemo,helpless*
negemo,hesita*
negemo,homesick*
negemo,hopeless*
negemo,horrible
negemo,horribly
negemo,horrid*
negemo,horror*
negemo,hostil*
negemo,humiliat*
negemo,hungover
negemo,hurt*
negemo,idiot*
negemo,ignorable
negemo,ignoramus
negemo,ignorant
negemo,ignore
negemo,ignored
negemo,ignores
negemo,ignoring
negemo,immoral*
negemo,impatien*
negemo,impersonal
negemo,impolite*
negemo,inadequa*
negemo,incompeten*
negemo,indecis*
negemo,ineffect*
negemo,inferior
negemo,inferiority
negemo,inhibit*
negemo,insecur*
negemo,insincer*
negemo,insult*
negemo,interrup*
negemo,intimidat*
negemo,irrational*
negemo,irrita*
negemo,isolat*
negemo,jaded
negemo,jealous
negemo,jealousies
negemo,jealously
negemo,jealousy
negemo,jerk
negemo,jerked
negemo,jerks
negemo,kill*
negemo,lame
negemo,lamely
negemo,lameness
negemo,lamer
negemo,lamest
negemo,lazier
negemo,laziest
negemo,lazy
negemo,liabilit*
negemo,liar*
negemo,lied
negemo,lies
negemo,lone
negemo,lonelier
negemo,loneliest
negemo,loneliness
negemo,lonely
negemo,loner*
negemo,longing*
negemo,lose
negemo,loser*
negemo,loses
negemo,losing
negemo,loss*
negemo,lost
negemo,lous*
negemo,loveless
negemo,low
negemo,lower
negemo,lowered
negemo,lowering
negemo,lowers
negemo,lowest
negemo,lowli*
negemo,lowly
negemo,luckless*
negemo,ludicrous*
negemo,lying
negemo,mad
negemo,maddening*
negemo,madder
negemo,maddest
negemo,maniac*
negemo,masochis*
negemo,meaner
negemo,meanest
negemo,melanchol*
negemo,mess
negemo,messier
negemo,messiest
negemo,messy
negemo,miser*
negemo,miss
negemo,missed
negemo,misses
negemo,missing
negemo,mistak*
negemo,mock
negemo,mocked
negemo,mocker*
negemo,mocking
negemo,mocks
negemo,molest*
negemo,mooch*
negemo,moodi*
negemo,moody
negemo,moron*
negemo,mourn*
negemo,murder*
negemo,nag*
negemo,nast*
negemo,needy
negemo,neglect*
negemo,nerd*
negemo,nervous
negemo,nervously
negemo,nervousness
negemo,neurotic*
negemo,nightmar*
negemo,numbed
negemo,numbing
negemo,numbness
negemo,numbs
negemo,obnoxious*
negemo,obsess*
negemo,offence*
negemo,offend*
negemo,offense
negemo,offenses
negemo,offensive
negemo,outrag*
negemo,overwhelm*
negemo,pain
negemo,pained
negemo,painf*
negemo,pains
negemo,panic*
negemo,paranoi*
negemo,pathetic
negemo,pathetically
negemo,peculiar*
negemo,perv
negemo,perver*
negemo,pervy
negemo,pessimis*
negemo,pest*
negemo,petrif*
negemo,pettier
negemo,pettiest
negemo,petty
negemo,phobi*
negemo,phony
negemo,piss*
negemo,pitiable
negemo,pitied
negemo,pities
negemo,pitiful
negemo,pitifully
negemo,pity*
negemo,poison*
negemo,poor
negemo,poorer
negemo,poorest
negemo,poorly
negemo,poorness*
negemo,powerless*
negemo,prejudic*
negemo,pressur*
negemo,prick*
negemo,problem*
negemo,protest
negemo,protested
negemo,protesting
negemo,protests
negemo,puk*
negemo,punish*
negemo,pushy
negemo,queas*
negemo,rage*
negemo,raging
negemo,rancid*
negemo,rape*
negemo,raping
negemo,rapist*
negemo,rebel*
negemo,reek*
negemo,regret*
negemo,reject*
negemo,reluctan*
negemo,remorse*
negemo,repress*
negemo,resent*
negemo,resign*
negemo,restless*
negemo,revenge*
negemo,ridicul*
negemo,rigid
negemo,rigidity
negemo,rigidly
negemo,risk*
negemo,rotten
negemo,rude
negemo,rudely
negemo,ruin*
negemo,sad
negemo,sadder
negemo,saddest
negemo,sadly
negemo,sadness
negemo,sarcas*
negemo,savage*
negemo,scare
negemo,scared
negemo,scares
negemo,scarier
negemo,scariest
negemo,scaring
negemo,scary
negemo,sceptic*
negemo,scream*
negemo,screw*
negemo,selfish*
negemo,serious
negemo,seriously
negemo,seriousness
negemo,severe*
negemo,shake*
negemo,shaki*
negemo,shaky
negemo,shame*
negemo,shit*
negemo,shock*
negemo,shook
negemo,shy
negemo,shyly
negemo,shyness
negemo,sick
negemo,sicken*
negemo,sicker
negemo,sickest
negemo,sickly
negemo,sigh
negemo,sighed
negemo,sighing
negemo,sighs
negemo,sin
negemo,sinister
negemo,sins
negemo,slut*
negemo,smh
negemo,smother*
negemo,smug*
negemo,snob*
negemo,sob
negemo,sobbed
negemo,sobbing
negemo,sobs
negemo,solemn*
negemo,sorrow*
negemo,sorry
negemo,spite*
negemo,stale
negemo,stammer*
negemo,stank*
negemo,startl*
negemo,steal*
negemo,stench*
negemo,stink
negemo,stinky
negemo,strain*
negemo,strange
negemo,strangest
negemo,stress*
negemo,struggl*
negemo,stubborn*
negemo,stunk
negemo,stupid
negemo,stupider
negemo,stupidest
negemo,stupidity
negemo,stupidly
negemo,stutter*
negemo,suck
negemo,sucked
negemo,sucker*
negemo,sucks
negemo,sucky
negemo,suffer
negemo,suffered
negemo,sufferer*
negemo,suffering
negemo,suffers
negemo,suspicio*
negemo,tantrum*
negemo,tears
negemo,teas*
negemo,tedious
negemo,temper
negemo,tempers
negemo,tense
negemo,tensely
negemo,tensing
negemo,tension*
negemo,terrible
negemo,terribly
negemo,terrified
negemo,terrifies
negemo,terrify
negemo,terrifying
negemo,terror*
negemo,thief
negemo,thiev*
negemo,threat*
negemo,timid*
negemo,tortur*
negemo,traged*
negemo,tragically
negemo,tragic
negemo,trauma*
negemo,trembl*
negemo,trick
negemo,tricked
negemo,trickier
negemo,trickiest
negemo,tricks
negemo,tricky
negemo,trite
negemo,trivial
negemo,troubl*
negemo,turmoil
negemo,twitchy
negemo,ugh
negemo,uglier
negemo,ugliest
negemo,ugly
negemo,unaccept*
negemo,unattractive
negemo,uncertain*
negemo,uncomfortabl*
negemo,uncontrol*
negemo,undesir*
negemo,uneas*
negemo,unfair
negemo,unfortunate*
negemo,unfriendly
negemo,ungrateful*
negemo,unhapp*
negemo,unimportant
negemo,unimpress*
negemo,unkind
negemo,unlov*
negemo,unlucky
negemo,unpleasant
negemo,unprotected
negemo,unsafe
negemo,unsavory
negemo,unsettl*
negemo,unsuccessful*
negemo,unsure*
negemo,unwelcom*
negemo,upset
negemo,upsets
negemo,upsetting
negemo,uptight*
negemo,useless
negemo,uselessly
negemo,uselessness
negemo,vain
negemo,vanity
negemo,vicious
negemo,viciously
negemo,viciousness
negemo,victim*
negemo,vile
negemo,villain*
negemo,violat*
negemo,violence
negemo,violent
negemo,violently
negemo,vomit*
negemo,vulnerab*
negemo,war
negemo,warfare*
negemo,warn*
negemo,warred
negemo,warring
negemo,wars
negemo,weak
negemo,weaken
negemo,weakened
negemo,weakening
negemo,weakens
negemo,weaker
negemo,weakest
negemo,weakling
negemo,weakly
negemo,weapon*
negemo,weary
negemo,weep*
negemo,weird
negemo,weirded
negemo,weirder
negemo,weirdest
negemo,weirdly
negemo,weirdness
negemo,weirdo
negemo,weirdos
negemo,weirds
negemo,wept
negemo,whine*
negemo,whining
negemo,whore*
negemo,wicked
negemo,wickedly
negemo,wimp*
negemo,witch*
negemo,woe*
negemo,worried
negemo,worrier
negemo,worries
negemo,worry
negemo,worrying
negemo,worse
negemo,worsen
negemo,worsened
negemo,worsening
negemo,worsens
negemo,worst
negemo,worthless
negemo,wrong
negemo,wrongdoing
negemo,wronged
negemo,wrongful
negemo,wrongly
negemo,wrongness
negemo,wrongs
negemo,yearn*
negemo,yell
negemo,yelled
negemo,yelling
negemo,yells
negemo,yuck
social,accomplice*
social,acquainta*
social,admit
social,admits
social,admitted
social,admitting
social,adult
social,adults
social,advice
social,advis*
social,affair*
social,ally
social,amigo*
social,anonymous*
social,anybod*
social,anyone*
social,apolog*
social,approachable
social,argu*
social,armies
social,army
social,ask
social,asked
social,asking
social,asks
social,assembl*
social,aunt*
social,awkward
social,awkwardness
social,babe*
social,babies
social,baby
social,bachelor
social,bachelor'*
social,bachelorette
social,bachelors
social,bae
social,band
social,bands
social,banter*
social,bb
social,bby
social,bcc
social,beau
social,beloved
social,bestfriend*
social,bestie
social,besties
social,bf
social,bf's
social,bff*
social,bfs
social,blam*
social,boi
social,boy
social,boy's
social,boyfriend*
social,boyhood
social,boyish
social,boys
social,breakup
social,bride*
social,bro
social,bro'*
social,bros
social,brother*
social,bruh
social,bud
social,buddies
social,buddy*
social,bye
social,call
social,called
social,caller*
social,calling
social,calls
social,cc
social,cced
social,celebrat*
social,chap
social,chat*
social,chick
social,chick'*
social,chicks
social,child
social,child'*
social,children*
social,chit-chat*
social,chitchat*
social,chum
social,chums
social,citizen
social,citizen'*
social,citizens
social,classmate
social,classmates
social,clique*
social,co-work*
social,colleague*
social,coma*
social,comment*
social,commun*
social,compadre*
social,companion*
social,company
social,compassion*
social,complain*
social,compliment*
social,comrad*
social,confess*
social,confidant*
social,confide
social,confided
social,confides
social,confiding
social,congregat*
social,consult*
social,contact
social,contacted
social,contacts
social,contradic*
social,convers*
social,counc*
social,couns*
social,courtship
social,cousin*
social,cowboy*
social,cowgirl*
social,cowork*
social,crew
social,crowd*
social,cultur*
social,cutie*
social,dad
social,dad's
social,daddies
social,daddy
social,daddy's
social,dads
social,dame*
social,damsel*
social,dance
social,danced
social,dances
social,dancing
social,darlin*
social,date
social,dating
social,daughter*
social,dawg*
social,dear
social,debate
social,dilf*
social,disclo*
social,discuss*
social,divorc*
social,duchess*
social,dude*
social,duke*
social,e-mail
social,e-mailed
social,e-mailing
social,e-mails
social,email
social,emailed
social,emailing
social,emails
social,embarrass*
social,encourag*
social,enemie*
social,enemy*
social,engag*
social,everybod*
social,everyone*
social,everything*
social,ex
social,ex-bf*
social,ex-boyfriend*
social,ex-gf*
social,ex-girlfriend*
social,exbf*
social,exboy*
social,excus*
social,exes
social,exgf*
social,exgirl*
social,exhusb*
social,explain
social,explained
social,explaining
social,explains
social,express*
social,exwife*
social,exwive*
social,facebook
social,fam
social,families
social,family
social,farewell
social,father*
social,fb
social,fella
social,fellow
social,fellow's
social,fellows
social,fellowship*
social,female
social,females
social,feminine
social,femininity
social,femme*
social,feud*
social,fiance
social,fiance's
social,fiancee*
social,fiances
social,fight*
social,flatter*
social,flirt
social,flirtatious
social,flirted
social,flirting
social,flirts
social,flirty
social,foe*
social,folks
social,follower*
social,fool
social,fooled
social,fooling
social,fools
social,forgave
social,forgiv*
social,formal
social,forwarded
social,fought
social,frenem*
social,friend
social,friendlier
social,friendliest
social,friendly
social,friends
social,fwb
social,gal
social,gals
social,game*
social,gang
social,gangs
social,gather*
social,gave
social,genero*
social,gent
social,gentlem*
social,gentlewom*
social,gents
social,gf*
social,girl
social,girl's
social,girlfriend*
social,girlh*
social,girli*
social,girls*
social,girly
social,give
social,giver*
social,gives
social,giving
social,goddess*
social,godfather*
social,godmother
social,godparent
social,goodbye
social,gossip*
social,gramp*
social,grandchil*
social,granddad*
social,granddau*
social,grandfath*
social,grandkid*
social,grandm*
social,grandpa*
social,grandson*
social,granny
social,greet*
social,grl*
social,groom'*
social,group*
social,grown-up*
social,grownup*
social,grudg*
social,guest*
social,gurl*
social,guy*
social,handshake
social,hangout*
social,he
social,he'd
social,he'll
social,he's
social,he-*
social,hear
social,heard
social,hearing
social,hears
social,hello*
social,help
social,helper*
social,helpful
social,helpfully
social,helpfulness
social,helping
social,helps
social,her
social,heroine*
social,hers
social,herself
social,hes
social,hey
social,hi
social,him
social,himself
social,hipster
social,his
social,hissel*
social,homie
social,honey
social,honeymoon*
social,hostil*
social,hottie
social,househusband*
social,housewi*
social,hubby
social,hug
social,human*
social,husband*
social,impersonal
social,impolite*
social,impress*
social,in-law*
social,individual*
social,infant
social,infant's
social,infants*
social,inform
social,informed
social,informing
social,informs
social,inlaw*
social,inquir*
social,instagram
social,insult*
social,interact*
social,interpersonal*
social,interrup*
social,interview*
social,involv*
social,kegger*
social,kid
social,kid'*
social,kidding
social,kids*
social,kik
social,kin
social,king
social,king's
social,kingl*
social,kings
social,knight*
social,lad
social,ladies
social,lady
social,lady's
social,language*
social,lass
social,lassie
social,leader*
social,lesbian*
social,let's
social,lets
social,letter
social,liar*
social,likeab*
social,listen
social,listened
social,listener*
social,listening
social,listens
social,locals
social,love
social,loved
social,lover*
social,loves
social,loving*
social,luv
social,lying
social,ma
social,ma'am
social,ma's
social,maam
social,madam
social,madame*
social,mademoiselle*
social,maid
social,maid's
social,maiden
social,maids
social,mail
social,mailed
social,mailing
social,mails
social,male
social,male's
social,males
social,mam
social,mama
social,man
social,man's
social,manly
social,manners
social,marriag*
social,marrie*
social,marry
social,masculine
social,masculinity
social,mate
social,mate's
social,maternal*
social,maternity
social,mates
social,mating
social,matriarch*
social,meet
social,meeting*
social,meets
social,member*
social,men
social,men'*
social,mens
social,mention*
social,message
social,messaged
social,messages
social,messaging
social,met
social,milf*
social,mimi
social,mimi'*
social,mimis
social,missus
social,mister
social,mistres*
social,mock
social,mocked
social,mocking
social,mocks
social,mom
social,mom's
social,momma*
social,mommy*
social,moms
social,monsieur
social,mooch*
social,mother
social,mother's
social,mothered
social,motherhood
social,mothering
social,motherl*
social,mothers
social,mr
social,mrs
social,ms
social,mum
social,mum's
social,mummy*
social,mums
social,name
social,names
social,nana
social,nana's
social,nanas
social,nann*
social,negotiat*
social,neighbor*
social,neighbour*
social,nephew*
social,newborn*
social,niece*
social,offer*
social,oomf
social,our
social,ours
social,ourselves
social,outsider*
social,overhear*
social,owner*
social,pa
social,pa's
social,pal
social,pal's
social,pals
social,papa
social,papa's
social,papas
social,pappy
social,pappy's
social,parent*
social,participant*
social,participat*
social,partie*
social,partner*
social,party*
social,paternal
social,paternity
social,patriarch*
social,peeps
social,people*
social,person
social,person's
social,personal
social,persons
social,persua*
social,phone*
social,phoning
social,playmate*
social,polite
social,politely
social,popular
social,posse
social,ppl*
social,prais*
social,pregnan*
social,prince
social,prince'*
social,princes
social,princess*
social,private
social,prom
social,provide
social,provides
social,providing
social,public
social,queen
social,queen's
social,queens
social,question
social,reassur*
social,receiv*
social,recommend*
social,refus*
social,relate*
social,relationship*
social,relatives
social,replie*
social,reply*
social,request*
social,respond*
social,role*
social,roomate*
social,roomed
social,roomie*
social,rooming
social,roommate*
social,rt
social,rumor*
social,rumour*
social,said
social,say
social,saying
social,says
social,schoolboy*
social,schoolgirl*
social,schoolmate
social,secret
social,secretive
social,secretively
social,secretly
social,secrets
social,self
social,send
social,sender
social,sending
social,sends
social,senor
social,senora
social,senorita
social,sent
social,share
social,shared
social,shares
social,sharing
social,she
social,she'd
social,she'll
social,she's
social,she-*
social,shes
social,shy
social,shyly
social,shyness
social,sibling*
social,sidekick*
social,sir
social,sis
social,sister*
social,sms
social,smsed
social,snapchat*
social,snob*
social,sociability
social,sociable
social,social
social,socially
social,societ*
social,somebod*
social,someone*
social,son
social,son's
social,son-in-law*
social,sons
social,sororit*
social,soulmate*
social,speak
social,speaking
social,speaks
social,spoke*
social,spous*
social,squad*
social,step-child*
social,step-dad*
social,step-dau*
social,step-fath*
social,step-kid*
social,step-moth*
social,step-son*
social,stepchild*
social,stepdad*
social,stepdau*
social,stepfath*
social,stepkid*
social,stepmoth*
social,stepson
social,stories
social,story
social,sugardadd*
social,sugarmam*
social,sugarmom*
social,suggest*
social,sweetheart*
social,sweetie*
social,sympath*
social,talk
social,talkative
social,talked
social,talker*
social,talking
social,talks
social,team*
social,teas*
social,teen
social,teenage*
social,telephon*
social,tell
social,telling
social,tells
social,texted
social,texting
social,thee
social,their*
social,them
social,themselves
social,they
social,they'd
social,they'll
social,they're
social,they've
social,theyd
social,theyll
social,theyre
social,theyve
social,thine
social,thou
social,thoust
social,thy
social,together
social,told
social,tomboy*
social,trust
social,trusted
social,trusting
social,trusts
social,tweet*
social,twitter
social,uncle
social,uncle's
social,uncles
social,ur
social,us
social,valentin*
social,visit
social,visited
social,visiting
social,visits
social,we
social,we'd
social,we'll
social,we're
social,we've
social,wed
social,wedding*
social,weds
social,welcom*
social,wench*
social,weve
social,who
social,who'd
social,who'll
social,who's
social,whod
social,whoever
social,wholl
social,whom
social,whomever
social,whos
social,whose
social,widow*
social,wife*
social,witch*
social,wive*
social,woman
social,woman's
social,womanhood
social,womanly
social,womans
social,women*
social,y'all
social,y'all's
social,ya
social,ya'll*
social,yall
social,yalls
social,ye
social,you
social,you'd
social,you'll
social,you're
social,you've
social,youd
social,youll
social,youngster*
social,your
social,youre
social,yours
social,yourself
social,yourselves
social,youve
numbers,zero
numbers,one
numbers,two
numbers,three
numbers,four*
numbers,five
numbers,six*
numbers,seven*
numbers,eight*
numbers,nine
numbers,ten*
numbers,eleven*
numbers,twelve*
numbers,thirteen
numbers,fourteen
numbers,fifteen
numbers,sixteen
numbers,seventeen
numbers,eighteen
numbers,nineteen
numbers,twenty*
numbers,thirty*
numbers,forty*
numbers,fifty*
numbers,sixty*
numbers,seventy*
numbers,eighty*
numbers,ninty*
numbers,hundred*
numbers,first
numbers,second
numbers,third
numbers,fourth
numbers,fifth
numbers,ninth
